{
  "by_model_prompt": {
    "Claude Sonnet 4 (All Tools) | background_work": {
      "mean_ms": 37746.19999999777,
      "mean_s": 37.74619999999777,
      "count": 1,
      "total_ms": 37746.19999999777
    },
    "Claude Sonnet 4 (All Tools) | simple": {
      "mean_ms": 40825.04500000141,
      "mean_s": 40.82504500000141,
      "count": 1,
      "total_ms": 40825.04500000141
    },
    "Claude Sonnet 4 (Web) | background_work": {
      "mean_ms": 40195.770207999885,
      "mean_s": 40.195770207999885,
      "count": 1,
      "total_ms": 40195.770207999885
    },
    "Claude Sonnet 4 (Web) | simple": {
      "mean_ms": 39008.02166699941,
      "mean_s": 39.00802166699941,
      "count": 1,
      "total_ms": 39008.02166699941
    },
    "GLM 4.6 (All Tools) | background_work": {
      "mean_ms": 89211.08208300211,
      "mean_s": 89.21108208300211,
      "count": 1,
      "total_ms": 89211.08208300211
    },
    "GLM 4.6 (All Tools) | simple": {
      "mean_ms": 71691.5951660012,
      "mean_s": 71.6915951660012,
      "count": 1,
      "total_ms": 71691.5951660012
    },
    "GLM 4.6 (Web) | background_work": {
      "mean_ms": 101881.59308299873,
      "mean_s": 101.88159308299873,
      "count": 1,
      "total_ms": 101881.59308299873
    },
    "GLM 4.6 (Web) | simple": {
      "mean_ms": 155164.5954170017,
      "mean_s": 155.1645954170017,
      "count": 1,
      "total_ms": 155164.5954170017
    },
    "Gemini 2.5 Pro (All Tools) | background_work": {
      "mean_ms": 22767.159292001452,
      "mean_s": 22.767159292001452,
      "count": 1,
      "total_ms": 22767.159292001452
    },
    "Gemini 2.5 Pro (All Tools) | simple": {
      "mean_ms": 40480.121249998774,
      "mean_s": 40.480121249998774,
      "count": 1,
      "total_ms": 40480.121249998774
    },
    "Gemini 2.5 Pro (Web) | background_work": {
      "mean_ms": 22116.245791999972,
      "mean_s": 22.116245791999972,
      "count": 1,
      "total_ms": 22116.245791999972
    },
    "Gemini 2.5 Pro (Web) | simple": {
      "mean_ms": 32888.30975000019,
      "mean_s": 32.88830975000019,
      "count": 1,
      "total_ms": 32888.30975000019
    },
    "Grok 4 (All Tools) | background_work": {
      "mean_ms": 243439.36920800115,
      "mean_s": 243.43936920800115,
      "count": 1,
      "total_ms": 243439.36920800115
    },
    "Grok 4 (All Tools) | simple": {
      "mean_ms": 96152.91408399935,
      "mean_s": 96.15291408399935,
      "count": 1,
      "total_ms": 96152.91408399935
    },
    "Grok 4 (Web) | background_work": {
      "mean_ms": 116672.4369170006,
      "mean_s": 116.6724369170006,
      "count": 1,
      "total_ms": 116672.4369170006
    },
    "Grok 4 (Web) | simple": {
      "mean_ms": 77208.91562500037,
      "mean_s": 77.20891562500037,
      "count": 1,
      "total_ms": 77208.91562500037
    },
    "MiniMax M2 (All Tools) | background_work": {
      "mean_ms": 79609.33058299997,
      "mean_s": 79.60933058299997,
      "count": 1,
      "total_ms": 79609.33058299997
    },
    "MiniMax M2 (All Tools) | simple": {
      "mean_ms": 56931.30054199719,
      "mean_s": 56.93130054199719,
      "count": 1,
      "total_ms": 56931.30054199719
    },
    "MiniMax M2 (Web) | background_work": {
      "mean_ms": 44432.88187500002,
      "mean_s": 44.43288187500002,
      "count": 1,
      "total_ms": 44432.88187500002
    },
    "MiniMax M2 (Web) | simple": {
      "mean_ms": 36439.00187499821,
      "mean_s": 36.43900187499821,
      "count": 1,
      "total_ms": 36439.00187499821
    }
  },
  "by_model": {
    "Claude Sonnet 4 (All Tools)": {
      "mean_ms": 39285.62249999959,
      "mean_s": 39.28562249999959,
      "count": 2,
      "total_ms": 78571.24499999918
    },
    "Claude Sonnet 4 (Web)": {
      "mean_ms": 39601.89593749965,
      "mean_s": 39.60189593749965,
      "count": 2,
      "total_ms": 79203.7918749993
    },
    "GLM 4.6 (All Tools)": {
      "mean_ms": 80451.33862450166,
      "mean_s": 80.45133862450166,
      "count": 2,
      "total_ms": 160902.67724900332
    },
    "GLM 4.6 (Web)": {
      "mean_ms": 128523.09425000021,
      "mean_s": 128.5230942500002,
      "count": 2,
      "total_ms": 257046.18850000043
    },
    "Gemini 2.5 Pro (All Tools)": {
      "mean_ms": 31623.640271000113,
      "mean_s": 31.623640271000113,
      "count": 2,
      "total_ms": 63247.280542000226
    },
    "Gemini 2.5 Pro (Web)": {
      "mean_ms": 27502.27777100008,
      "mean_s": 27.50227777100008,
      "count": 2,
      "total_ms": 55004.55554200016
    },
    "Grok 4 (All Tools)": {
      "mean_ms": 169796.14164600027,
      "mean_s": 169.79614164600028,
      "count": 2,
      "total_ms": 339592.28329200053
    },
    "Grok 4 (Web)": {
      "mean_ms": 96940.67627100048,
      "mean_s": 96.94067627100048,
      "count": 2,
      "total_ms": 193881.35254200097
    },
    "MiniMax M2 (All Tools)": {
      "mean_ms": 68270.31556249858,
      "mean_s": 68.27031556249858,
      "count": 2,
      "total_ms": 136540.63112499716
    },
    "MiniMax M2 (Web)": {
      "mean_ms": 40435.94187499912,
      "mean_s": 40.435941874999116,
      "count": 2,
      "total_ms": 80871.88374999823
    }
  },
  "summary": [
    {
      "model_label": "Claude Sonnet 4 (All Tools)",
      "background_work_mean_s": 37.74619999999777,
      "simple_mean_s": 40.82504500000141,
      "combined_mean_s": 39.28562249999959,
      "bg_count": 1,
      "simple_count": 1
    },
    {
      "model_label": "Claude Sonnet 4 (Web)",
      "background_work_mean_s": 40.195770207999885,
      "simple_mean_s": 39.00802166699941,
      "combined_mean_s": 39.60189593749965,
      "bg_count": 1,
      "simple_count": 1
    },
    {
      "model_label": "GLM 4.6 (All Tools)",
      "background_work_mean_s": 89.21108208300211,
      "simple_mean_s": 71.6915951660012,
      "combined_mean_s": 80.45133862450166,
      "bg_count": 1,
      "simple_count": 1
    },
    {
      "model_label": "GLM 4.6 (Web)",
      "background_work_mean_s": 101.88159308299873,
      "simple_mean_s": 155.1645954170017,
      "combined_mean_s": 128.5230942500002,
      "bg_count": 1,
      "simple_count": 1
    },
    {
      "model_label": "Gemini 2.5 Pro (All Tools)",
      "background_work_mean_s": 22.767159292001452,
      "simple_mean_s": 40.480121249998774,
      "combined_mean_s": 31.623640271000113,
      "bg_count": 1,
      "simple_count": 1
    },
    {
      "model_label": "Gemini 2.5 Pro (Web)",
      "background_work_mean_s": 22.116245791999972,
      "simple_mean_s": 32.88830975000019,
      "combined_mean_s": 27.50227777100008,
      "bg_count": 1,
      "simple_count": 1
    },
    {
      "model_label": "Grok 4 (All Tools)",
      "background_work_mean_s": 243.43936920800115,
      "simple_mean_s": 96.15291408399935,
      "combined_mean_s": 169.79614164600028,
      "bg_count": 1,
      "simple_count": 1
    },
    {
      "model_label": "Grok 4 (Web)",
      "background_work_mean_s": 116.6724369170006,
      "simple_mean_s": 77.20891562500037,
      "combined_mean_s": 96.94067627100048,
      "bg_count": 1,
      "simple_count": 1
    },
    {
      "model_label": "MiniMax M2 (All Tools)",
      "background_work_mean_s": 79.60933058299997,
      "simple_mean_s": 56.93130054199719,
      "combined_mean_s": 68.27031556249858,
      "bg_count": 1,
      "simple_count": 1
    },
    {
      "model_label": "MiniMax M2 (Web)",
      "background_work_mean_s": 44.43288187500002,
      "simple_mean_s": 36.43900187499821,
      "combined_mean_s": 40.435941874999116,
      "bg_count": 1,
      "simple_count": 1
    }
  ]
}